stair.thisTrialN,stair.stepSize,stair.intensity,thisRow.t,notes,piloting,trial.started,fixation.started,grating.started,key_resp.started,fixation.stopped,grating.stopped,trial.stopped,corrAns,tilt,key_resp.corr,stair.response,key_resp.rt,participant,session,date,expName,expVersion,psychopyVersion,frameRate,expStart,
0,2,10,0.0223902000579983,,True,0.00738699990324676,0.0223902000579983,0.5440404999535531,0.5440404999535531,0.5549838000442833,0.8585886999499053,4.230091499863192,right,10,1,1,3.657340900041163,pilot,001,2026-09-27_22h48.51.690,adaptive staircase_1,,2026.2.4,60.017993433623786,2026-09-27 22h48.51.784594 +0530,
1,2,8,4.237748800078407,,,4.230235599912703,4.237748800078407,4.741343799978495,4.741343799978495,4.741343799978495,5.041020599892363,5.540571899851784,right,8,1,1,0.7941603998187929,pilot,001,2026-09-27_22h48.51.690,adaptive staircase_1,,2026.2.4,60.017993433623786,2026-09-27 22h48.51.784594 +0530,
2,2,6,5.5557369000744075,,,5.5406678998842835,5.5557369000744075,6.041156999999657,6.041156999999657,6.0578021998517215,6.341143999947235,6.679963799891993,left,-6,1,1,0.6215475997887552,pilot,001,2026-09-27_22h48.51.690,adaptive staircase_1,,2026.2.4,60.017993433623786,2026-09-27 22h48.51.784594 +0530,
3,2,4,6.691055400064215,,,6.680212500039488,6.691055400064215,7.192388999974355,7.192388999974355,7.192388999974355,7.5077428999356925,7.812356499955058,left,-4,1,1,0.6044054999947548,pilot,001,2026-09-27_22h48.51.690,adaptive staircase_1,,2026.2.4,60.017993433623786,2026-09-27 22h48.51.784594 +0530,
4,2,2,7.824690599925816,,,7.81258949986659,7.824690599925816,8.323457399848849,8.323457399848849,8.3405770000536,8.624642200069502,8.846347599988803,right,2,1,1,0.5187829998321831,pilot,001,2026-09-27_22h48.51.690,adaptive staircase_1,,2026.2.4,60.017993433623786,2026-09-27 22h48.51.784594 +0530,
5,2,1,8.857581899967045,,,8.846588500076905,8.857581899967045,9.358596700010821,9.358596700010821,9.358596700010821,9.657947999890894,9.86237829993479,left,-1,1,1,0.5001772998366505,pilot,001,2026-09-27_22h48.51.690,adaptive staircase_1,,2026.2.4,60.017993433623786,2026-09-27 22h48.51.784594 +0530,
6,2,1,9.874041799921542,,,9.86256040004082,9.874041799921542,10.3739849999547,10.3739849999547,10.3739849999547,10.673910199897364,11.212802900001407,right,1,1,1,0.8237998001277447,pilot,001,2026-09-27_22h48.51.690,adaptive staircase_1,,2026.2.4,60.017993433623786,2026-09-27 22h48.51.784594 +0530,
7,2,1,11.224625000031665,,,11.21304879989475,11.224625000031665,11.72431439999491,11.72431439999491,11.72431439999491,12.023994700051844,12.414225100073963,left,-1,1,1,0.6848150999285281,pilot,001,2026-09-27_22h48.51.690,adaptive staircase_1,,2026.2.4,60.017993433623786,2026-09-27 22h48.51.784594 +0530,
8,2,1,12.42409890005365,,,12.414463399909437,12.42409890005365,12.923723899992183,12.923723899992183,12.923723899992183,13.239757499890402,13.711785099934787,right,1,1,1,0.7760977998841554,pilot,001,2026-09-27_22h48.51.690,adaptive staircase_1,,2026.2.4,60.017993433623786,2026-09-27 22h48.51.784594 +0530,
9,2,1,13.724006999982521,,,13.71201019990258,13.724006999982521,14.22386489994824,14.22386489994824,14.22386489994824,14.523992900038138,14.847844499861822,right,1,1,1,0.6212251000106335,pilot,001,2026-09-27_22h48.51.690,adaptive staircase_1,,2026.2.4,60.017993433623786,2026-09-27 22h48.51.784594 +0530,
10,2,1,14.856949700042605,,,14.848074299981818,14.856949700042605,15.358128499938175,15.358128499938175,15.358128499938175,15.657526900060475,15.979509699856862,right,1,1,1,0.6167969000525773,pilot,001,2026-09-27_22h48.51.690,adaptive staircase_1,,2026.2.4,60.017993433623786,2026-09-27 22h48.51.784594 +0530,
11,2,1,15.990334999980405,,,15.979726899880916,15.990334999980405,16.49050539988093,16.49050539988093,16.49050539988093,16.791282000020146,17.06084050005302,left,-1,1,1,0.5629233000800014,pilot,001,2026-09-27_22h48.51.690,adaptive staircase_1,,2026.2.4,60.017993433623786,2026-09-27 22h48.51.784594 +0530,
12,2,1,17.07291099987924,,,17.061030299868435,17.07291099987924,17.574136100010946,17.574136100010946,17.574136100010946,17.874298400012776,18.46277439990081,right,1,1,1,0.8841668998356909,pilot,001,2026-09-27_22h48.51.690,adaptive staircase_1,,2026.2.4,60.017993433623786,2026-09-27 22h48.51.784594 +0530,
13,1,1,18.47385139996186,,,18.46296629984863,18.47385139996186,18.972110899863765,18.972110899863765,18.988972399849445,19.27416000002995,19.611874300055206,right,1,0,0,0.6321370999794453,pilot,001,2026-09-27_22h48.51.690,adaptive staircase_1,,2026.2.4,60.017993433623786,2026-09-27 22h48.51.784594 +0530,
14,1,2,19.62375029991381,,,19.61208190000616,19.62375029991381,20.12371059996076,20.12371059996076,20.12371059996076,20.423916599946097,20.795366999926046,right,2,1,1,0.6703528999350965,pilot,001,2026-09-27_22h48.51.690,adaptive staircase_1,,2026.2.4,60.017993433623786,2026-09-27 22h48.51.784594 +0530,
15,1,2,20.806804100051522,,,20.795550799928606,20.806804100051522,21.306769100017846,21.306769100017846,21.306769100017846,21.60680519999005,21.861832899972796,left,-2,1,1,0.5440404999535531,pilot,001,2026-09-27_22h48.51.690,adaptive staircase_1,,2026.2.4,60.017993433623786,2026-09-27 22h48.51.784594 +0530,
16,1,2,21.87362049985677,,,21.862067400012165,21.87362049985677,22.374062499962747,22.374062499962747,22.374062499962747,22.674572000047192,22.94559230003506,left,-2,1,1,0.5689556999132037,pilot,001,2026-09-27_22h48.51.690,adaptive staircase_1,,2026.2.4,60.017993433623786,2026-09-27 22h48.51.784594 +0530,
17,1,1,22.956973199965432,,,22.945801900001243,22.956973199965432,23.45692649995908,23.45692649995908,23.45692649995908,23.7571107998956,24.112230399856344,right,1,1,1,0.6472316000144929,pilot,001,2026-09-27_22h48.51.690,adaptive staircase_1,,2026.2.4,60.017993433623786,2026-09-27 22h48.51.784594 +0530,
18,1,1,24.123966800048947,,,24.112443399848416,24.123966800048947,24.62391209998168,24.62391209998168,24.62391209998168,24.923859999980778,25.445549299940467,right,1,1,1,0.8105052001774311,pilot,001,2026-09-27_22h48.51.690,adaptive staircase_1,,2026.2.4,60.017993433623786,2026-09-27 22h48.51.784594 +0530,
19,1,1,25.457614900078624,,,25.445821499917656,25.457614900078624,25.95732589997351,25.95732589997351,25.95732589997351,26.257057100068778,26.494801099877805,left,-1,1,1,0.5355954000260681,pilot,001,2026-09-27_22h48.51.690,adaptive staircase_1,,2026.2.4,60.017993433623786,2026-09-27 22h48.51.784594 +0530,
20,1,1,26.50705199991353,,,26.495012099854648,26.50705199991353,27.006100500002503,27.006100500002503,27.006100500002503,27.306739599909633,27.62782769999467,left,-1,1,1,0.6081554000265896,pilot,001,2026-09-27_22h48.51.690,adaptive staircase_1,,2026.2.4,60.017993433623786,2026-09-27 22h48.51.784594 +0530,
21,0.5,1,27.64036129997112,,,27.628043900011107,27.64036129997112,28.14031230006367,28.14031230006367,28.14031230006367,28.44041689997539,28.96109119988978,right,1,0,0,0.8095654000062495,pilot,001,2026-09-27_22h48.51.690,adaptive staircase_1,,2026.2.4,60.017993433623786,2026-09-27 22h48.51.784594 +0530,
22,0.5,1.5,28.973103099968284,,,28.961360200075433,28.973103099968284,29.47347079985775,29.47347079985775,29.47347079985775,29.773139900062233,31.094375599874184,left,-1.5,1,1,1.605208600172773,pilot,001,2026-09-27_22h48.51.690,adaptive staircase_1,,2026.2.4,60.017993433623786,2026-09-27 22h48.51.784594 +0530,
23,0.5,1.5,31.106248199939728,,,31.094548099907115,31.106248199939728,31.607351399958134,31.607351399958134,31.607351399958134,31.90701049985364,32.44453560002148,left,-1.5,1,1,0.8208870000671595,pilot,001,2026-09-27_22h48.51.690,adaptive staircase_1,,2026.2.4,60.017993433623786,2026-09-27 22h48.51.784594 +0530,
24,0.5,1.5,32.456259300000966,,,32.444728899979964,32.456259300000966,32.95725309988484,32.95725309988484,32.95725309988484,33.2562362998724,33.56322650006041,left,-1.5,1,1,0.5999841999728233,pilot,001,2026-09-27_22h48.51.690,adaptive staircase_1,,2026.2.4,60.017993433623786,2026-09-27 22h48.51.784594 +0530,
25,0.5,1.0,33.57366309990175,,,33.56346830003895,33.57366309990175,34.072561899898574,34.072561899898574,34.072561899898574,34.37325489986688,34.71100279991515,left,-1.0,1,1,0.6219144000206143,pilot,001,2026-09-27_22h48.51.690,adaptive staircase_1,,2026.2.4,60.017993433623786,2026-09-27 22h48.51.784594 +0530,
26,0.5,1.0,34.72324500000104,,,34.71124999993481,34.72324500000104,35.22162269987166,35.22162269987166,35.23924560006708,35.52361249993555,35.87862169998698,right,1.0,1,1,0.6531112000811845,pilot,001,2026-09-27_22h48.51.690,adaptive staircase_1,,2026.2.4,60.017993433623786,2026-09-27 22h48.51.784594 +0530,
27,0.5,1.0,35.889309799997136,,,35.87881250004284,35.889309799997136,36.390427300008014,36.390427300008014,36.390427300008014,36.69058039993979,37.01234959997237,left,-1.0,1,1,0.6199864000082016,pilot,001,2026-09-27_22h48.51.690,adaptive staircase_1,,2026.2.4,60.017993433623786,2026-09-27 22h48.51.784594 +0530,
28,0.5,1,37.0230727000162,,,37.01255390001461,37.0230727000162,37.52409860002808,37.52409860002808,37.52409860002808,37.8235744999256,38.0932988000568,left,-1,1,1,0.5607429998926818,pilot,001,2026-09-27_22h48.51.690,adaptive staircase_1,,2026.2.4,60.017993433623786,2026-09-27 22h48.51.784594 +0530,
29,0.5,1,38.10651139984839,,,38.09349450003356,38.10651139984839,38.606522999936715,38.606522999936715,38.606522999936715,38.90621879999526,39.31310550007038,right,1,1,1,0.701640099985525,pilot,001,2026-09-27_22h48.51.690,adaptive staircase_1,,2026.2.4,60.017993433623786,2026-09-27 22h48.51.784594 +0530,
30,0.5,1,39.32306639989838,,,39.31330020003952,39.32306639989838,39.82280749990605,39.82280749990605,39.82280749990605,40.12387420004234,40.36167889996432,right,1,0,0,0.5231565001886338,pilot,001,2026-09-27_22h48.51.690,adaptive staircase_1,,2026.2.4,60.017993433623786,2026-09-27 22h48.51.784594 +0530,
31,0.5,1.5,40.37389439996332,,,40.36190619994886,40.37389439996332,40.873914499999955,40.873914499999955,40.873914499999955,41.17214470007457,41.3790245000273,right,1.5,1,1,0.4963241000659764,pilot,001,2026-09-27_22h48.51.690,adaptive staircase_1,,2026.2.4,60.017993433623786,2026-09-27 22h48.51.784594 +0530,
32,0.5,1.5,41.39038580004126,,,41.37929609999992,41.39038580004126,41.890269599854946,41.890269599854946,41.90652889991179,42.20565150002949,42.56228829990141,right,1.5,1,1,0.6702473999466747,pilot,001,2026-09-27_22h48.51.690,adaptive staircase_1,,2026.2.4,60.017993433623786,2026-09-27 22h48.51.784594 +0530,
33,0.5,1.5,42.572889500064775,,,42.56248539988883,42.572889500064775,43.073621900053695,43.073621900053695,43.073621900053695,43.3732105998788,43.63094810000621,right,1.5,1,1,0.5495305000804365,pilot,001,2026-09-27_22h48.51.690,adaptive staircase_1,,2026.2.4,60.017993433623786,2026-09-27 22h48.51.784594 +0530,
34,0.5,1.0,43.63929679989815,,,43.63119239988737,43.63929679989815,44.1399651998654,44.1399651998654,44.1399651998654,44.439401200041175,44.64552879985422,right,1.0,1,1,0.5040796000976115,pilot,001,2026-09-27_22h48.51.690,adaptive staircase_1,,2026.2.4,60.017993433623786,2026-09-27 22h48.51.784594 +0530,
35,0.5,1.0,44.65626670001075,,,44.64573509991169,44.65626670001075,45.15678219986148,45.15678219986148,45.15678219986148,45.45634220005013,45.726450300076976,right,1.0,1,1,0.5586494999006391,pilot,001,2026-09-27_22h48.51.690,adaptive staircase_1,,2026.2.4,60.017993433623786,2026-09-27 22h48.51.784594 +0530,
36,0.5,1.0,45.73955569998361,,,45.72663909988478,45.73955569998361,46.24226179998368,46.24226179998368,46.24226179998368,46.5550589999184,46.87740539992228,right,1.0,1,1,0.6204486999195069,pilot,001,2026-09-27_22h48.51.690,adaptive staircase_1,,2026.2.4,60.017993433623786,2026-09-27 22h48.51.784594 +0530,
37,0.5,1,46.88951119990088,,,46.87761239986867,46.88951119990088,47.38920279988088,47.38920279988088,47.38920279988088,47.70464870007709,48.02625930006616,right,1,1,1,0.6239807000383735,pilot,001,2026-09-27_22h48.51.690,adaptive staircase_1,,2026.2.4,60.017993433623786,2026-09-27 22h48.51.784594 +0530,
38,0.5,1,48.039518299978226,,,48.02642729994841,48.039518299978226,48.53932829992846,48.53932829992846,48.53932829992846,48.839443400036544,49.17836120002903,left,-1,1,1,0.6319148000329733,pilot,001,2026-09-27_22h48.51.690,adaptive staircase_1,,2026.2.4,60.017993433623786,2026-09-27 22h48.51.784594 +0530,
39,0.5,1,49.18896920001134,,,49.17855859990232,49.18896920001134,49.68956099986099,49.68956099986099,49.68956099986099,49.98988329991698,50.21174130006693,left,-1,1,1,0.5189777000341564,pilot,001,2026-09-27_22h48.51.690,adaptive staircase_1,,2026.2.4,60.017993433623786,2026-09-27 22h48.51.784594 +0530,
40,0.5,1,50.22321909992024,,,50.21198759996332,50.22321909992024,50.72279029991478,50.72279029991478,50.72279029991478,51.02259110007435,51.42679729987867,left,-1,1,1,0.6976751999463886,pilot,001,2026-09-27_22h48.51.690,adaptive staircase_1,,2026.2.4,60.017993433623786,2026-09-27 22h48.51.784594 +0530,
41,0.5,1,51.43900680006482,,,51.42700230004266,51.43900680006482,51.93931189994328,51.93931189994328,51.93931189994328,52.24045979999937,52.62716839998029,left,-1,1,1,0.6836341999005526,pilot,001,2026-09-27_22h48.51.690,adaptive staircase_1,,2026.2.4,60.017993433623786,2026-09-27 22h48.51.784594 +0530,
42,0.5,1,52.64048699988052,,,52.62740939995274,52.64048699988052,53.13961949991062,53.13961949991062,53.13961949991062,53.4380661000032,53.729248999850824,right,1,1,1,0.5843602998647839,pilot,001,2026-09-27_22h48.51.690,adaptive staircase_1,,2026.2.4,60.017993433623786,2026-09-27 22h48.51.784594 +0530,
43,0.5,1,53.73902489989996,,,53.729484600014985,53.73902489989996,54.238894999958575,54.238894999958575,54.238894999958575,54.53843849990517,54.877199299866334,right,1,1,1,0.622793999966234,pilot,001,2026-09-27_22h48.51.690,adaptive staircase_1,,2026.2.4,60.017993433623786,2026-09-27 22h48.51.784594 +0530,
44,0.5,1,54.88887739996426,,,54.877416299888864,54.88887739996426,55.38905290002003,55.38905290002003,55.38905290002003,55.68867549998686,56.20904179988429,right,1,1,1,0.8109352001920342,pilot,001,2026-09-27_22h48.51.690,adaptive staircase_1,,2026.2.4,60.017993433623786,2026-09-27 22h48.51.784594 +0530,
45,0.5,1,56.22243510000408,,,56.20922750001773,56.22243510000408,56.72295269998722,56.72295269998722,56.72295269998722,57.022731999866664,57.492185699986294,right,1,1,1,0.7606257998850197,pilot,001,2026-09-27_22h48.51.690,adaptive staircase_1,,2026.2.4,60.017993433623786,2026-09-27 22h48.51.784594 +0530,
46,0.5,1,57.5057123999577,,,57.492344100028276,57.5057123999577,58.006359399994835,58.006359399994835,58.006359399994835,58.30656789988279,58.62608389998786,right,1,1,1,0.6173420001287013,pilot,001,2026-09-27_22h48.51.690,adaptive staircase_1,,2026.2.4,60.017993433623786,2026-09-27 22h48.51.784594 +0530,
47,0.5,1,58.63918559998274,,,58.62628660001792,58.63918559998274,59.13894920004532,59.13894920004532,59.13894920004532,59.43973789992742,59.7770175000187,left,-1,1,1,0.6241184999234974,pilot,001,2026-09-27_22h48.51.690,adaptive staircase_1,,2026.2.4,60.017993433623786,2026-09-27 22h48.51.784594 +0530,
48,0.5,1,59.78930120007135,,,59.77720750006847,59.78930120007135,60.28898849990219,60.28898849990219,60.28898849990219,60.59006559988484,60.92703909985721,left,-1,1,1,0.629651099909097,pilot,001,2026-09-27_22h48.51.690,adaptive staircase_1,,2026.2.4,60.017993433623786,2026-09-27 22h48.51.784594 +0530,
49,0.5,1,60.940173799870536,,,60.92726799985394,60.940173799870536,61.43820229987614,61.43820229987614,61.45500209997408,61.73898979998194,62.24037400004454,right,1,1,1,0.7923047000076622,pilot,001,2026-09-27_22h48.51.690,adaptive staircase_1,,2026.2.4,60.017993433623786,2026-09-27 22h48.51.784594 +0530,
50,0.5,1,62.256919499952346,,,62.24050509999506,62.256919499952346,62.7392669999972,62.7392669999972,62.755840899888426,63.03945040004328,63.76120879990049,right,1,0,0,1.0162981997709721,pilot,001,2026-09-27_22h48.51.690,adaptive staircase_1,,2026.2.4,60.017993433623786,2026-09-27 22h48.51.784594 +0530,
51,0.5,1.5,63.772276599891484,,,63.76138489996083,63.772276599891484,64.27408790006302,64.27408790006302,64.27408790006302,64.57302900007926,64.94386789994314,left,-1.5,1,1,0.6552160000428557,pilot,001,2026-09-27_22h48.51.690,adaptive staircase_1,,2026.2.4,60.017993433623786,2026-09-27 22h48.51.784594 +0530,
52,0.5,1.5,64.95647330000065,,,64.94407179998234,64.95647330000065,65.45559899997897,65.45559899997897,65.45559899997897,65.75653999997303,66.27786679985002,left,-1.5,1,1,0.819761399878189,pilot,001,2026-09-27_22h48.51.690,adaptive staircase_1,,2026.2.4,60.017993433623786,2026-09-27 22h48.51.784594 +0530,
53,0.5,1.5,66.28900890005752,,,66.2780836999882,66.28900890005752,66.78898840001784,66.78898840001784,66.78898840001784,67.08984140004031,67.41236629988998,left,-1.5,1,1,0.6184268000070006,pilot,001,2026-09-27_22h48.51.690,adaptive staircase_1,,2026.2.4,60.017993433623786,2026-09-27 22h48.51.784594 +0530,
54,0.5,1.0,67.42247390002012,,,67.412577399984,67.42247390002012,67.92224029987119,67.92224029987119,67.92224029987119,68.22223609988578,68.55728819989599,right,1.0,1,1,0.6233888999558985,pilot,001,2026-09-27_22h48.51.690,adaptive staircase_1,,2026.2.4,60.017993433623786,2026-09-27 22h48.51.784594 +0530,
55,0.5,1.0,68.57069379999302,,,68.55745159997605,68.57069379999302,69.05623540002853,69.05623540002853,69.07279770006426,69.3570061000064,69.54411190003157,right,1.0,1,1,0.47404520004056394,pilot,001,2026-09-27_22h48.51.690,adaptive staircase_1,,2026.2.4,60.017993433623786,2026-09-27 22h48.51.784594 +0530,
56,0.5,1.0,69.55620849994011,,,69.54431429994293,69.55620849994011,70.056520299986,70.056520299986,70.056520299986,70.35642690001987,70.49504489987157,left,-1.0,1,1,0.43377489992417395,pilot,001,2026-09-27_22h48.51.690,adaptive staircase_1,,2026.2.4,60.017993433623786,2026-09-27 22h48.51.784594 +0530,
57,0.5,1,70.50572560005821,,,70.49527719989419,70.50572560005821,71.00582119985484,71.00582119985484,71.00582119985484,71.30590020003729,71.67556959996,left,-1,1,1,0.659048399887979,pilot,001,2026-09-27_22h48.51.690,adaptive staircase_1,,2026.2.4,60.017993433623786,2026-09-27 22h48.51.784594 +0530,
58,0.5,1,71.68950219987892,,,71.67577619990334,71.68950219987892,72.18946989998221,72.18946989998221,72.18946989998221,72.4899662998505,72.81069439998828,right,1,1,1,0.6185589001979679,pilot,001,2026-09-27_22h48.51.690,adaptive staircase_1,,2026.2.4,60.017993433623786,2026-09-27 22h48.51.784594 +0530,
59,0.5,1,72.82219629990868,,,72.81088460003957,72.82219629990868,73.3229705998674,73.3229705998674,73.3229705998674,73.63722909986973,73.8934683999978,right,1,1,1,0.5568111001048237,pilot,001,2026-09-27_22h48.51.690,adaptive staircase_1,,2026.2.4,60.017993433623786,2026-09-27 22h48.51.784594 +0530,
60,0.5,1,73.90594960004091,,,73.893688299926,73.90594960004091,74.405333600007,74.405333600007,74.405333600007,74.72044619987719,74.94117669994012,left,-1,1,1,0.5277714000549167,pilot,001,2026-09-27_22h48.51.690,adaptive staircase_1,,2026.2.4,60.017993433623786,2026-09-27 22h48.51.784594 +0530,
61,0.5,1,74.95532119995914,,,74.94134039990604,74.95532119995914,75.4554182998836,75.4554182998836,75.4554182998836,75.75421250006184,75.95497690001503,right,1,1,1,0.4928844999521971,pilot,001,2026-09-27_22h48.51.690,adaptive staircase_1,,2026.2.4,60.017993433623786,2026-09-27 22h48.51.784594 +0530,
62,0.5,1,75.97027039993554,,,75.95506910001859,75.97027039993554,76.45560260000639,76.45560260000639,76.47264020005241,76.75619690003805,77.24527619988658,right,1,1,1,0.7843989999964833,pilot,001,2026-09-27_22h48.51.690,adaptive staircase_1,,2026.2.4,60.017993433623786,2026-09-27 22h48.51.784594 +0530,
63,0.5,1,77.25605440000072,,,77.2454887998756,77.25605440000072,77.75570939993486,77.75570939993486,77.75570939993486,78.05590629996732,78.54256549989805,right,1,0,0,0.7782705000136048,pilot,001,2026-09-27_22h48.51.690,adaptive staircase_1,,2026.2.4,60.017993433623786,2026-09-27 22h48.51.784594 +0530,
64,0.5,1.5,78.55542959994636,,,78.54276739992201,78.55542959994636,79.05550369992852,79.05550369992852,79.05550369992852,79.35588849987835,79.77707549999468,right,1.5,1,1,0.7119154999963939,pilot,001,2026-09-27_22h48.51.690,adaptive staircase_1,,2026.2.4,60.017993433623786,2026-09-27 22h48.51.784594 +0530,
65,0.5,1.5,79.78867270005867,,,79.77730829990469,79.78867270005867,80.2891448000446,80.2891448000446,80.2891448000446,80.58902239985764,80.84503689990379,right,1.5,1,1,0.5547688999213278,pilot,001,2026-09-27_22h48.51.690,adaptive staircase_1,,2026.2.4,60.017993433623786,2026-09-27 22h48.51.784594 +0530,
66,0.5,1.5,80.85583220003173,,,80.84525489993393,80.85583220003173,81.35585559997708,81.35585559997708,81.35585559997708,81.65473259985447,81.89299319987185,left,-1.5,1,1,0.5292177000083029,pilot,001,2026-09-27_22h48.51.690,adaptive staircase_1,,2026.2.4,60.017993433623786,2026-09-27 22h48.51.784594 +0530,
67,0.5,1.0,81.90528669999912,,,81.89320349995978,81.90528669999912,82.40550599992275,82.40550599992275,82.40550599992275,82.72092860005796,83.17794490000233,right,1.0,1,1,0.7663054999429733,pilot,001,2026-09-27_22h48.51.690,adaptive staircase_1,,2026.2.4,60.017993433623786,2026-09-27 22h48.51.784594 +0530,
68,0.5,1.0,83.1886318998877,,,83.17814480001107,83.1886318998877,83.68913429998793,83.68913429998793,83.68913429998793,83.98936129990034,84.49463289999403,left,-1.0,1,1,0.8008204998914152,pilot,001,2026-09-27_22h48.51.690,adaptive staircase_1,,2026.2.4,60.017993433623786,2026-09-27 22h48.51.784594 +0530,
69,0.5,1.0,84.50462569994852,,,84.49481810000725,84.50462569994852,85.00598949985579,85.00598949985579,85.00598949985579,85.306572600035,85.84303319989704,right,1.0,1,1,0.8253035999368876,pilot,001,2026-09-27_22h48.51.690,adaptive staircase_1,,2026.2.4,60.017993433623786,2026-09-27 22h48.51.784594 +0530,
70,0.5,1,85.85549949994311,,,85.84325679996982,85.85549949994311,86.3553319000639,86.3553319000639,86.3553319000639,86.65494129993021,86.89481139997952,left,-1,1,1,0.5331407999619842,pilot,001,2026-09-27_22h48.51.690,adaptive staircase_1,,2026.2.4,60.017993433623786,2026-09-27 22h48.51.784594 +0530,
71,0.5,1,86.90557929989882,,,86.89505859999917,86.90557929989882,87.40548369986936,87.40548369986936,87.40548369986936,87.70537559990771,88.19327609986067,right,1,1,1,0.7715851999819279,pilot,001,2026-09-27_22h48.51.690,adaptive staircase_1,,2026.2.4,60.017993433623786,2026-09-27 22h48.51.784594 +0530,
72,0.5,1,88.20643289992586,,,88.19351969985291,88.20643289992586,88.7055639999453,88.7055639999453,88.7055639999453,89.00549979996867,89.26331209996715,right,1,1,1,0.551784300012514,pilot,001,2026-09-27_22h48.51.690,adaptive staircase_1,,2026.2.4,60.017993433623786,2026-09-27 22h48.51.784594 +0530,
73,0.5,1,89.27139159990475,,,89.26354319998063,89.27139159990475,89.77102109999396,89.77102109999396,89.77102109999396,90.07250989996828,90.30940949986689,right,1,1,1,0.52933010016568,pilot,001,2026-09-27_22h48.51.690,adaptive staircase_1,,2026.2.4,60.017993433623786,2026-09-27 22h48.51.784594 +0530,
74,0.5,1,90.3222531999927,,,90.309606899973,90.3222531999927,90.82262929994613,90.82262929994613,90.82262929994613,91.12171139987186,91.34296229993924,right,1,1,1,0.5084309000521898,pilot,001,2026-09-27_22h48.51.690,adaptive staircase_1,,2026.2.4,60.017993433623786,2026-09-27 22h48.51.784594 +0530,
75,0.5,1,91.35559579986148,,,91.34317640005611,91.35559579986148,91.85493709985167,91.85493709985167,91.87183770001866,92.15584379993379,92.44405719987117,left,-1,1,1,0.5827550000976771,pilot,001,2026-09-27_22h48.51.690,adaptive staircase_1,,2026.2.4,60.017993433623786,2026-09-27 22h48.51.784594 +0530,
76,0.5,1,92.45529050007463,,,92.44426500005648,92.45529050007463,92.95528259989806,92.95528259989806,92.95528259989806,93.25710029993206,93.57874420005828,right,1,1,1,0.6202392000705004,pilot,001,2026-09-27_22h48.51.690,adaptive staircase_1,,2026.2.4,60.017993433623786,2026-09-27 22h48.51.784594 +0530,
77,0.5,1,93.58871460007504,,,93.5791021999903,93.58871460007504,94.08780470001511,94.08780470001511,94.08780470001511,94.38879649993032,94.70811429992318,right,1,1,1,0.6125112001318485,pilot,001,2026-09-27_22h48.51.690,adaptive staircase_1,,2026.2.4,60.017993433623786,2026-09-27 22h48.51.784594 +0530,
78,0.5,1,94.72220099996775,,,94.708313500043,94.72220099996775,95.22145910002291,95.22145910002291,95.22145910002291,95.52114910003729,95.69350739987567,right,1,1,1,0.4700072000268847,pilot,001,2026-09-27_22h48.51.690,adaptive staircase_1,,2026.2.4,60.017993433623786,2026-09-27 22h48.51.784594 +0530,
79,0.5,1,95.70546459988691,,,95.69374280003831,95.70546459988691,96.20513530005701,96.20513530005701,96.20513530005701,96.50463870004751,96.74457550002262,left,-1,0,0,0.5357323000207543,pilot,001,2026-09-27_22h48.51.690,adaptive staircase_1,,2026.2.4,60.017993433623786,2026-09-27 22h48.51.784594 +0530,
80,0.5,1.5,96.75489420001395,,,96.74484240007587,96.75489420001395,97.2553453000728,97.2553453000728,97.2553453000728,97.55435190000571,98.31024989997968,left,-1.5,1,1,1.053582499967888,pilot,001,2026-09-27_22h48.51.690,adaptive staircase_1,,2026.2.4,60.017993433623786,2026-09-27 22h48.51.784594 +0530,
81,0.5,1.5,98.32169759995304,,,98.31045520002954,98.32169759995304,98.8218999998644,98.8218999998644,98.8218999998644,99.12195339985192,99.64330270001665,right,1.5,0,0,0.8084254001732916,pilot,001,2026-09-27_22h48.51.690,adaptive staircase_1,,2026.2.4,60.017993433623786,2026-09-27 22h48.51.784594 +0530,
82,0.5,2.0,99.65531509998254,,,99.64353320002556,99.65531509998254,100.15531819988973,100.15531819988973,100.15531819988973,100.45555659988895,100.6777820000425,left,-2.0,1,1,0.5173520999960601,pilot,001,2026-09-27_22h48.51.690,adaptive staircase_1,,2026.2.4,60.017993433623786,2026-09-27 22h48.51.784594 +0530,
83,0.5,2.0,100.68826769990847,,,100.67798609985039,100.68826769990847,101.188871699851,101.188871699851,101.188871699851,101.48943650000729,102.12559519987553,right,2.0,1,1,0.9268324000295252,pilot,001,2026-09-27_22h48.51.690,adaptive staircase_1,,2026.2.4,60.017993433623786,2026-09-27 22h48.51.784594 +0530,
84,0.5,2.0,102.13867360004224,,,102.12580480007455,102.13867360004224,102.6386368998792,102.6386368998792,102.6386368998792,102.95293610007502,103.1604120999109,left,-2.0,1,1,0.5152970000635833,pilot,001,2026-09-27_22h48.51.690,adaptive staircase_1,,2026.2.4,60.017993433623786,2026-09-27 22h48.51.784594 +0530,
85,0.5,1.5,103.17110419995151,,,103.16061670007184,103.17110419995151,103.67090500006452,103.67090500006452,103.67090500006452,103.98630769993179,104.24425689992495,left,-1.5,1,1,0.5666157000232488,pilot,001,2026-09-27_22h48.51.690,adaptive staircase_1,,2026.2.4,60.017993433623786,2026-09-27 22h48.51.784594 +0530,
86,0.5,1.5,104.25559369986877,,,104.24447829998098,104.25559369986877,104.75484599987976,104.75484599987976,104.75484599987976,105.05510069988668,105.32445800001733,left,-1.5,1,1,0.5608264999464154,pilot,001,2026-09-27_22h48.51.690,adaptive staircase_1,,2026.2.4,60.017993433623786,2026-09-27 22h48.51.784594 +0530,
87,0.5,1.5,105.33799969987012,,,105.32465710001998,105.33799969987012,105.83921070001088,105.83921070001088,105.83921070001088,106.15500520006754,106.39261869993061,left,-1.5,1,1,0.5380765998270363,pilot,001,2026-09-27_22h48.51.690,adaptive staircase_1,,2026.2.4,60.017993433623786,2026-09-27 22h48.51.784594 +0530,
88,0.5,1.0,106.40464810002595,,,106.39281339989975,106.40464810002595,106.90566819999367,106.90566819999367,106.90566819999367,107.20482899993658,107.45966219995171,left,-1.0,1,1,0.5495151001960039,pilot,001,2026-09-27_22h48.51.690,adaptive staircase_1,,2026.2.4,60.017993433623786,2026-09-27 22h48.51.784594 +0530,
89,0.5,1.0,107.47116409987211,,,107.45987949986011,107.47116409987211,107.9720568000339,107.9720568000339,107.9720568000339,108.27058340003714,108.62716629984789,right,1.0,1,1,0.6480366000905633,pilot,001,2026-09-27_22h48.51.690,adaptive staircase_1,,2026.2.4,60.017993433623786,2026-09-27 22h48.51.784594 +0530,
90,0.5,1.0,108.63858429994434,,,108.62737970007583,108.63858429994434,109.13854689989239,109.13854689989239,109.13854689989239,109.43785499990918,109.87581830006093,right,1.0,0,0,0.7347226999700069,pilot,001,2026-09-27_22h48.51.690,adaptive staircase_1,,2026.2.4,60.017993433623786,2026-09-27 22h48.51.784594 +0530,
91,0.5,1.5,109.88736699987203,,,109.87599750002846,109.88736699987203,110.38817789987661,110.38817789987661,110.38817789987661,110.68846879992634,110.89299429999664,left,-1.5,1,1,0.5032049999572337,pilot,001,2026-09-27_22h48.51.690,adaptive staircase_1,,2026.2.4,60.017993433623786,2026-09-27 22h48.51.784594 +0530,
92,0.5,1.5,110.90411609993316,,,110.8931696000509,110.90411609993316,111.4045406000223,111.4045406000223,111.4045406000223,111.70421479991637,111.90996149997227,left,-1.5,1,1,0.49565389985218644,pilot,001,2026-09-27_22h48.51.690,adaptive staircase_1,,2026.2.4,60.017993433623786,2026-09-27 22h48.51.784594 +0530,
93,0.5,1.5,111.92108140001073,,,111.91015690006316,111.92108140001073,112.42091990006156,112.42091990006156,112.42091990006156,112.7216453999281,112.9584536999464,left,-1.5,1,1,0.5335396998561919,pilot,001,2026-09-27_22h48.51.690,adaptive staircase_1,,2026.2.4,60.017993433623786,2026-09-27 22h48.51.784594 +0530,
94,0.5,1.0,112.97090369998477,,,112.95865819999017,112.97090369998477,113.4719537999481,113.4719537999481,113.4719537999481,113.7877487000078,114.14375939988531,right,1.0,0,0,0.6694050000514835,pilot,001,2026-09-27_22h48.51.690,adaptive staircase_1,,2026.2.4,60.017993433623786,2026-09-27 22h48.51.784594 +0530,
95,0.5,1.5,114.15449890005402,,,114.14397099986672,114.15449890005402,114.65473919990472,114.65473919990472,114.65473919990472,114.95400110003538,115.09282829985023,left,-1.5,1,1,0.43495349981822073,pilot,001,2026-09-27_22h48.51.690,adaptive staircase_1,,2026.2.4,60.017993433623786,2026-09-27 22h48.51.784594 +0530,
96,0.5,1.5,115.10404399991967,,,115.09305549995042,115.10404399991967,115.60457369987853,115.60457369987853,115.60457369987853,115.90464810002595,116.14060889999382,left,-1.5,1,1,0.5239567998796701,pilot,001,2026-09-27_22h48.51.690,adaptive staircase_1,,2026.2.4,60.017993433623786,2026-09-27 22h48.51.784594 +0530,
97,0.5,1.5,116.15410219994374,,,116.14085169997998,116.15410219994374,116.65407259995118,116.65407259995118,116.65407259995118,116.95527580007911,117.32550489995629,left,-1.5,1,1,0.6668050000444055,pilot,001,2026-09-27_22h48.51.690,adaptive staircase_1,,2026.2.4,60.017993433623786,2026-09-27 22h48.51.784594 +0530,
98,0.5,1.0,117.33808759995736,,,117.32574509992264,117.33808759995736,117.83826559991576,117.83826559991576,117.83826559991576,118.13730389997363,118.39260159991682,left,-1.0,1,1,0.5396126999985427,pilot,001,2026-09-27_22h48.51.690,adaptive staircase_1,,2026.2.4,60.017993433623786,2026-09-27 22h48.51.784594 +0530,
99,0.5,1.0,118.40454380004667,,,118.39280669996515,118.40454380004667,118.90457420004532,118.90457420004532,118.90457420004532,119.21942079998553,119.4930668999441,right,1.0,0,0,0.5809347999747843,pilot,001,2026-09-27_22h48.51.690,adaptive staircase_1,,2026.2.4,60.017993433623786,2026-09-27 22h48.51.784594 +0530,
